Dupont,Jean,jdupont,jdupont@mail.com,password123,Oui,RAS,Membre de niveau 2
Martin,Lucie,lmartin,lmartin@mail.com,1234abcd,Non,RAS,Membre de niveau 2
Durand,Pierre,pdurand,pdurand@mail.com,pass2021,Oui,RAS,Membre de niveau 2
Lefevre,Marie,mlefevre,mlefevre@mail.com,marie2022,Oui,RAS,Membre de niveau 2
Moreau,Claude,cmoreau,cmoreau@mail.com,claude789,Non,RAS,Membre de niveau 2
Laurent,Sophie,slaurent,slaurent@mail.com,sophiepass,Oui,RAS,Membre de niveau 2
Simon,Paul,psimon,psimon@mail.com,password,Oui,RAS,Membre de niveau 2
Michel,Anne,amichel,amichel@mail.com,anne1234,Non,RAS,Membre de niveau 2
Bernard,Julien,jbernard,jbernard@mail.com,bernard567,Oui,RAS,Membre de niveau 2
Roux,Claire,croux,croux@mail.com,claire890,Oui,RAS,Membre de niveau 2
Fontaine,Laura,lfontaine,lfontaine@mail.com,laura098,Non,RAS,Membre de niveau 2
Morel,Eric,emorel,emorel@mail.com,ericpass,Oui,RAS,Membre de niveau 2
Girard,Isabelle,igirard,igirard@mail.com,isabelle,Non,RAS,Membre de niveau 2
Garcia,Thomas,tgarcia,tgarcia@mail.com,thomaspass,Oui,RAS,Membre de niveau 2
Perrin,Elise,eperrin,eperrin@mail.com,elise789,Non,RAS,Membre de niveau 2
Morin,Antoine,amorin,amorin@mail.com,antoine123,Oui,RAS,Membre de niveau 2
Blanc,Luc,lblanc,lblanc@mail.com,lucpass,Non,RAS,Membre de niveau 2
Garnier,Julie,jgarnier,jgarnier@mail.com,julie456,Oui,RAS,Membre de niveau 2
Faure,Emilie,efaure,efaure@mail.com,emilie1234,Non,RAS,Membre de niveau 2
Carpentier,Vincent,vcarpentier,vcarpentier@mail.com,vincent890,Oui,RAS,Membre de niveau 2
Thomas,Matthieu,mthomas,mthomas@mail.com,matthieu567,Non,RAS,Membre de niveau 2
Leroy,Juliette,jleroy,jleroy@mail.com,juliettepass,Oui,RAS,Membre de niveau 2
Legrand,Marcel,legrand,mlegrand@mail.com,marcel123,Non,RAS,Membre de niveau 2
Lemoine,Maxime,mlemoine,mlemoine@mail.com,maximepass,Oui,RAS,Membre de niveau 2
Lecomte,Manon,mlecomte,mlecomte@mail.com,manon789,Non,RAS,Membre de niveau 2
Rousseau,David,drousseau,drousseau@mail.com,davidpass,Oui,RAS,Membre de niveau 2
Vincent,Charlotte,cvincent,cvincent@mail.com,charlotte123,Non,RAS,Membre de niveau 2
Picard,Lucas,lpicard,lpicard@mail.com,lucaspass,Oui,RAS,Membre de niveau 2
Deschamps,Camille,cdeschamps,cdeschamps@mail.com,camille789,Non,RAS,Membre de niveau 2
Caron,Antoine,acaron,acaron@mail.com,antoinepass,Oui,RAS,Membre de niveau 2
Marie,Chloé,cmarie,cmarie@mail.com,chloepass,Non,RAS,Membre de niveau 2
Lopez,Théo,tlopez,tlopez@mail.com,theopass,Oui,RAS,Membre de niveau 2
Dubois,Clémence,cdubois,cdubois@mail.com,clemence123,Non,RAS,Membre de niveau 2
Roger,Juliette,jroger,jroger@mail.com,juliette567,Oui,RAS,Membre de niveau 2
Philippe,Emma,ephilippe,ephilippe@mail.com,emmapass,Non,RAS,Membre de niveau 2
Gasquet,Hugo,hgasquet,hgasquet@mail.com,hugopass,Oui,RAS,Membre de niveau 2
Lemoine,Léa,llemoine,llemoine@mail.com,leapass,Non,RAS,Membre de niveau 2
Mercier,Jules,jmercier,jmercier@mail.com,jules123,Oui,RAS,Membre de niveau 2
Arnaud,Manon,marnaud,marnaud@mail.com,manonpass,Non,RAS,Membre de niveau 2
Dupuis,Romain,rdupuis,rdupuis@mail.com,romain123,Oui,RAS,Membre de niveau 2
Lambert,Marine,mlambert,mlambert@mail.com,marinepass,Non,RAS,Membre de niveau 2
Leroux,Nathan,nleroux,nleroux@mail.com,nathan567,Oui,RAS,Membre de niveau 2
Paris,Emma,eparis,eparis@mail.com,emmapass,Non,RAS,Membre de niveau 2
